Year,Month,Temperature,Gangwondo,Seoul,Gyeonggido,Incheon,Gyeongsangnamdo,Gyeongsangbukdo,Gwangju,Daegu,Daejeon,Busan,Sejong,Ulsan,Jeollanamdo,Jeollabukdo,Jeju,Chungcheongnamdo,Chungcheongbukdo,Sum
2000,1,-1.2,16219,662424,363014,139454,42129,55362,39465,86077,52992,85787,0,69241,22508,34507,0,20158,27838,1717175
2000,2,-0.99,16280,689177,375937,145834,42604,52863,40674,84069,53950,87282,0,70910,22310,33784,0,23492,27175,1766341
2000,3,6.64,14105,566528,323145,121324,35990,47282,34610,76144,41898,74476,0,63627,18033,29315,0,21156,22904,1490537
2000,4,12.11,10364,396231,237437,91421,28698,40393,25898,62514,28618,58316,0,47106,15920,19783,0,17447,16818,1096964
2000,5,17.59,6843,262940,169495,67239,21073,35083,18426,46992,17503,45915,0,43749,13808,14375,0,14508,12299,790248
2000,6,23.17,4169,156923,117805,41456,17748,31106,12810,38134,11228,37235,0,38363,12245,10366,0,12578,9415,551581
2000,7,26.52,2952,115375,95545,33061,17823,29174,11523,34704,10624,35084,0,37142,11211,9939,0,11354,8692,464203
2000,8,26.26,2800,108894,91000,32372,16218,29922,10695,32311,13005,33843,0,38071,11105,10051,0,11623,9412,451322
2000,9,20.79,3318,132168,112694,41109,17237,32785,10473,35313,15589,32947,0,40063,10241,11345,0,12234,9861,517377
2000,10,15.37,5256,198416,157466,53774,22823,38263,14911,44262,20239,42308,0,42432,13135,15237,0,15853,10552,694927
2000,11,7.65,9167,375408,235364,86283,33103,48419,24937,57888,33564,56572,0,58444,17400,24622,0,22412,19488,1103071
2000,12,1.8,13363,552680,321845,128131,43778,56130,36302,74298,50959,78019,0,74715,20939,32491,0,27445,25608,1536703
2001,1,-2.9,17984,729576,410693,159201,49501,66635,44101,86884,61917,96725,0,79536,24122,39428,0,33666,29840,1929809
2001,2,0.64,17409,720280,427205,153526,48532,61233,42977,89165,58110,89424,0,77488,22668,32705,0,30774,27436,1898932
2001,3,5.73,14384,571311,341766,129209,41972,54192,36286,73637,48510,77795,0,71076,20078,29577,0,27169,24187,1561149
2001,4,13.82,11013,411013,277196,104463,32131,43973,27094,61743,32954,56822,0,53504,15821,18696,0,22138,17281,1185842
2001,5,19.2,6152,224227,174798,70945,26078,37290,18069,46422,19815,46664,0,49405,12707,13120,0,18074,11957,775723
2001,6,22.51,3814,137772,119199,48581,22269,32770,13269,39094,14577,38669,0,42810,10957,10025,0,15946,9287,559039
2001,7,26.05,3124,124251,102949,45748,22148,25449,11124,35231,14840,40168,0,39269,10981,10446,0,16381,8992,511101
2001,8,26.53,2995,117712,97268,43242,16607,33686,11016,33264,14117,38200,0,36183,9425,10045,0,16651,8932,489343
2001,9,22.43,3063,113133,99125,47243,22080,34306,9781,35271,12298,34353,0,38472,10314,10173,0,16858,8574,495044
2001,10,16.65,4849,179805,139764,58146,22625,42100,12256,37875,18243,41332,0,45117,11872,15535,0,20852,12545,662916
2001,11,7.48,9039,344225,243964,93658,31556,51862,22598,56678,36075,59937,0,65964,18614,26992,0,28756,20894,1110812
2001,12,0.28,15021,583765,364170,139737,46723,56305,36057,76718,57683,98057,0,81788,25229,37638,0,36042,24022,1678955
2002,1,1.04,18001,723439,444297,162432,56890,70413,45615,88611,59954,104771,0,88571,25014,39060,0,39357,30473,1996898
2002,2,3.28,16547,647048,417268,147925,50189,59324,40693,86216,57008,85813,0,79743,21067,34579,0,34852,25755,1804027
2002,3,8.15,13898,519039,342306,130706,46879,58515,39172,72382,47982,79998,0,71828,19969,29838,0,32467,22368,1527347
2002,4,13.89,10149,376726,280578,105653,39471,47116,29382,61988,32359,60434,0,65519,17025,21297,0,27560,15377,1190634
2002,5,18.07,6541,236489,196282,80465,33363,42949,21698,52117,22797,55696,0,60417,17139,15558,0,23622,13084,878217
2002,6,22.16,4567,155955,139388,62234,26117,36784,16755,41624,15182,40901,0,48208,12624,11863,0,19939,9982,642123
2002,7,25.14,3641,140913,121043,54857,26563,36678,14071,38377,15960,44291,0,51644,12150,13412,0,20464,10091,604155
2002,8,24.31,3504,130075,110926,50902,25748,36088,13442,35734,16552,42784,0,49672,12038,12927,0,19628,10160,570180
2002,9,21.52,3969,140863,126622,54883,25833,37373,12971,40515,15578,41908,0,51484,10699,13057,0,20602,11203,607560
2002,10,13.41,6818,230347,183247,75715,32127,49095,17284,46157,24391,57671,0,59149,14849,20202,0,27685,18329,863066
2002,11,4.79,12737,490837,342573,126845,44368,62549,32059,74992,49374,87478,0,78898,20484,33937,0,38808,27646,1523585
2002,12,2.43,18513,639503,412328,155584,55590,73365,43828,87891,61724,100233,0,95845,24469,40070,0,42242,31764,1882949
2003,1,-1.74,22285,766566,518398,186837,65706,80975,52433,101032,72405,118287,0,99856,28606,47209,0,49881,37927,2248403
2003,2,3.16,20582,718842,487404,171339,62385,67966,51917,102470,64973,92207,0,93916,22712,37936,0,43850,29180,2067679
2003,3,6.85,16946,564530,389952,142050,56372,67514,44226,86657,53676,95874,0,88231,24030,34934,0,40321,28618,1733931
2003,4,13.37,12548,410916,314540,116187,48584,54531,34835,70576,43178,66351,0,69367,18438,23635,0,33048,18415,1335149
2003,5,19.2,8386,255721,213745,87282,38828,48380,24456,54233,25355,54113,0,62457,15298,16440,0,26058,14371,945123
2003,6,21.5,5543,162817,152922,64681,33089,41258,18603,43706,18042,44438,0,54424,13005,12864,0,22894,11175,699461
2003,7,23.29,4754,148318,135018,57188,29106,44898,16010,39406,19959,48232,0,52125,14523,12879,0,22044,10720,655180
2003,8,24.2,4598,138688,122540,54846,27239,40776,16746,37365,16800,43556,0,50393,12951,12767,0,22356,10300,611921
2003,9,21.28,5526,151316,137937,58261,27532,41614,15011,37955,16442,41907,0,51282,11370,13470,0,23547,11151,644321
2003,10,14.33,8544,220595,185754,75322,32605,54232,17742,46074,23167,56720,0,61604,16204,21336,0,30981,17629,868509
2003,11,10.06,13303,385661,296397,108769,42530,61111,28446,66453,38637,71407,0,71143,19787,28365,0,38073,23331,1293413
2003,12,1.59,19245,587227,407536,151558,59402,81888,43144,83506,63187,110352,0,102573,26968,46042,0,51104,34855,1868587
2004,1,-0.76,24635,728962,495189,174003,70716,93086,52963,94656,74866,121102,0,99079,29508,50004,0,56370,37627,2202766
2004,2,3,22786,775901,558371,189944,70576,88946,55136,108389,71987,107598,0,103819,28553,43927,0,54773,33480,2314186
2004,3,6.8,19212,609137,436496,154298,63405,84119,47549,86233,59872,97926,0,90367,26684,40227,0,51185,30647,1897357
2004,4,13.42,13960,426910,335821,119877,52971,65618,36506,70679,41350,67740,0,73773,19887,27496,0,39961,20094,1412643
2004,5,17.78,9098,268531,234521,91890,40384,57278,25399,50940,26890,55409,0,63298,16571,19996,0,33853,15396,1009454
2004,6,22.93,6201,183048,172702,68773,35374,50243,20210,42737,21787,47508,0,57428,14697,17357,0,28884,12638,779587
2004,7,25.06,5333,161432,145102,59721,32550,47765,17764,36598,21282,49918,0,54467,14204,15505,0,27376,12719,701736
2004,8,25.97,5020,150057,136582,57200,29443,44703,16498,35731,19509,45935,0,53979,13521,14854,0,25106,11586,659724
2004,9,21.73,5137,146712,141355,57393,29652,48172,14828,36417,16729,49663,0,54687,13443,15379,0,26603,12395,668565
2004,10,15.44,7993,212381,186770,74963,34898,60200,19549,41414,24132,62212,0,65218,17953,22474,0,35832,18266,884255
2004,11,9.65,13348,363212,298761,104388,45945,71371,29811,56775,40120,78082,0,77525,21883,32984,0,45825,24612,1304642
2004,12,2.94,20029,555894,410157,141126,62033,89758,43878,73206,61796,108765,0,101651,28479,45953,0,59338,34371,1836434
2005,1,-1.61,26339,792944,564940,200220,79318,112076,57917,100476,79811,141498,0,115164,35321,54904,51,69244,41841,2472064
2005,2,-1.05,25574,797092,578588,191225,77879,100194,58693,104565,77314,120795,0,108183,31084,49551,54,65842,35891,2422524
2005,3,4.74,23137,699199,483371,166042,77378,100360,55988,100610,71067,117617,0,101018,30054,47673,113,64129,34431,2172187
2005,4,13.56,16001,476270,380257,130778,60866,72300,42462,83880,46636,78098,0,79120,22836,30036,74,49815,21403,1590832
2005,5,17.79,10479,266934,246619,93120,45742,60311,28005,54244,27752,60239,0,67219,19077,21587,35,41286,15981,1058630
2005,6,22.73,7424,185066,182722,69579,38006,51020,22761,41997,23020,52114,0,58652,16011,19026,36,35721,13682,816837
2005,7,25.25,6329,159686,153642,61807,35422,42802,20077,37955,22115,53011,0,54392,16164,17788,41,34090,13447,728768
2005,8,25.36,6077,150731,144015,49036,33265,39936,19770,35619,19783,51029,0,51710,15255,16963,47,33485,12854,679575
2005,9,22.12,6358,152267,147477,65079,32804,42242,19514,34510,18637,50368,0,52394,12645,17055,46,35346,13620,700362
2005,10,15.09,9106,209466,200436,75852,38889,54984,22241,40172,25172,62665,0,66302,15786,26079,43,45056,20251,912500
2005,11,9.11,15181,380284,339377,108351,52966,71499,35125,58802,45547,89232,0,83904,22330,39141,81,58035,29273,1429128
2005,12,-2.79,25782,689615,518923,170911,78793,104682,50162,86828,81120,151269,0,130840,33108,59445,222,81718,47871,2311289
2006,1,0.59,31370,855091,659687,213458,92176,103690,75435,119383,85219,138368,0,121479,33364,61540,285,86529,44131,2721205
2006,2,0.93,27027,750218,519772,179342,85258,93923,64571,107399,75494,126509,0,110829,31605,57687,366,81164,40475,2351639
2006,3,5.91,23356,604141,489261,166789,78898,87658,56957,95726,65960,116205,0,102015,28426,50806,282,74037,36097,2076614
2006,4,11.86,18549,447163,344291,132697,65499,73887,47309,83837,43731,88159,0,84228,23817,39797,211,63184,27229,1583588
2006,5,18.18,12166,270270,224879,96184,52725,57369,34975,62716,24868,68708,0,74846,19838,29507,120,50642,19853,1099666
2006,6,21.83,8409,199176,165944,70917,43034,49413,26727,48053,21425,55641,0,63204,16450,23987,81,45599,16768,854828
2006,7,23.22,7410,168925,159916,68131,38400,47406,23270,40202,21793,57713,0,56383,15645,23327,65,43101,16523,788210
2006,8,27.13,7129,171756,156944,65297,36348,43178,22673,39132,22414,54026,0,58242,15322,22440,86,42881,16190,774058
2006,9,20.96,7259,151602,161361,67050,36210,48312,20417,37350,21488,55864,0,60890,15431,24886,120,47398,17712,773350
2006,10,18.17,9231,171860,187937,71647,38253,49847,22342,38784,24729,56650,0,65183,16150,28986,107,49539,19407,850652
2006,11,9.21,15614,388368,345652,111154,51888,72639,33223,53728,51084,89051,0,88078,23787,45827,254,71861,32358,1474566
2006,12,2.25,25744,634675,557698,171676,75663,97739,54716,83361,80791,135578,0,117194,33125,61020,426,91369,45797,2266572
2007,1,1.23,29933,783039,592264,189986,90994,104284,66948,106749,84052,141730,0,120162,36694,69254,504,103913,49591,2570097
2007,2,4.69,27490,693526,535574,176654,82545,89047,61486,103454,66541,116585,0,106226,30977,57305,394,86101,41691,2275596
2007,3,6.83,24438,594963,463664,157573,77816,88549,53753,91460,65117,118215,0,107411,31655,57854,390,88965,40152,2061975
2007,4,11.91,19651,461897,398232,143766,68392,74064,46519,82752,43286,88439,0,93848,25940,47000,252,78404,31466,1703908
2007,5,18.28,12791,271821,265045,105118,54038,56728,34795,57466,26288,65561,0,75201,20550,35616,146,62460,22892,1166516
2007,6,22.8,8926,201805,208443,80108,44184,49020,26983,42319,21439,58541,0,64843,17698,29256,143,54835,19363,927906
2007,7,24.12,7696,167823,170512,70277,41503,47917,23831,38418,22614,60636,0,63916,19787,29219,216,52874,19612,836851
2007,8,26.61,7390,173100,162539,66582,40116,45966,23138,38091,22787,56981,0,62309,20313,27493,318,51341,19597,818061
2007,9,21.79,7780,158759,155538,67697,35903,46864,21128,34939,22416,55387,0,58630,15355,27660,280,51685,20076,780097
2007,10,15.63,10067,219415,236853,88524,43174,59484,24271,39015,31681,69206,0,80862,22722,37789,327,65716,25792,1054898
2007,11,7.57,18160,442396,369127,120603,59919,82165,40045,57685,59243,100411,0,102614,30348,55663,537,84361,39531,1662808
2007,12,2.8,27498,679145,515906,174391,82829,103974,57954,85223,81706,141227,0,126189,37922,66377,755,99782,50817,2331695
2008,1,-0.54,33523,822116,625401,205553,98292,115716,69639,110188,90640,155821,0,143109,43127,76072,563,111684,58195,2759639
2008,2,-0.28,32224,806820,607184,203492,97802,105654,71743,108717,84597,146534,0,135438,41201,73778,580,101846,55078,2672688
2008,3,7.8,27477,611034,497872,177533,92338,94958,63336,107579,61710,120697,0,121093,35371,60395,470,92357,45410,2209630
2008,4,14.16,19314,397143,312491,124683,72356,77339,46497,79229,38323,91009,0,101813,29666,46172,304,75663,33819,1545821
2008,5,17.94,13001,246734,226450,95640,58285,61396,34251,57039,25729,69858,0,92722,25998,36141,217,61606,26629,1131696
2008,6,21.26,9963,207544,194680,80612,50042,56047,28064,44538,22633,61925,0,109968,29317,31604,286,54674,23148,1005045
2008,7,25.69,7902,176388,175805,72212,47470,53361,26309,43362,23904,64891,0,117444,29613,30491,249,53508,22709,945618
2008,8,25.32,7958,160502,162922,69483,40295,52809,22922,38445,21094,58397,0,126757,28075,27846,306,48598,21458,887867
2008,9,22.27,7932,161664,176131,69518,41799,56444,22046,37906,21717,60108,0,135819,28105,30821,225,52310,22060,924605
2008,10,16.61,11243,202281,235018,79590,47804,67658,25108,42476,30888,68743,0,150854,31747,37917,206,66293,28488,1126314
2008,11,8.3,19081,407992,404996,113531,59933,84191,38386,51668,58325,97666,0,110408,32334,51738,365,84438,41867,1656919
2008,12,2.11,29017,653645,579409,165183,85282,112776,57409,88983,83326,141608,0,124291,35735,68091,718,93608,53001,2372082
2009,1,-0.95,36207,820626,654319,201053,99668,124460,70967,111989,94929,165080,0,135859,41729,74089,930,103416,60112,2795433
2009,2,4,31574,696121,526339,175222,97399,104275,65830,113203,68225,121289,0,138701,34133,61507,666,94059,47496,2376039
2009,3,6.87,27149,576881,484151,156428,83781,102514,57926,89444,67938,124582,0,145850,36703,59964,710,87054,46408,2147483
2009,4,13.19,20597,416698,355844,128036,71710,84126,47904,81234,41026,90679,0,111750,29501,48028,571,72117,34621,1634442
2009,5,19.17,14426,262007,247458,91912,56286,69199,34863,55651,26817,69049,0,78844,23704,35328,385,58443,26844,1151216
2009,6,22.45,10728,192472,186133,72163,48705,65951,26969,43922,24253,65401,0,77178,22631,31513,414,55034,25844,949311
2009,7,24.12,9798,180838,189932,68849,47380,66184,22290,40699,25697,64788,0,83654,26725,31334,607,54980,26995,940750
2009,8,25.53,9320,174006,179518,68331,43571,63407,24638,38348,24873,61623,0,91545,22542,29287,621,50745,25249,907624
2009,9,22.03,9282,160670,186644,69821,45845,64312,23007,40756,24156,62182,0,96687,27021,35163,432,62413,27380,935771
2009,10,16.48,12263,206368,238411,76152,46774,74697,23900,39777,36041,70062,0,95913,25580,39077,393,70447,31490,1087345
2009,11,7.76,20760,425392,405589,121753,64569,98403,39622,59634,62157,109490,0,130682,34590,59711,735,97981,45439,1776507
2009,12,0.29,32399,708011,636701,192254,94741,127250,74447,91561,92212,156641,0,174200,50018,80836,1178,127049,64419,2703917
2010,1,-2.88,42634,905732,738025,224622,115062,150557,85311,126076,104838,179086,0,208943,55869,91374,1277,150098,76881,3256385
2010,2,2.32,36126,753012,610984,195088,106227,124237,64256,122397,74522,139496,0,189430,45638,75053,1011,122722,57384,2717583
2010,3,5.25,31185,603450,500288,161128,101967,128170,63205,106044,74573,143581,0,188431,48303,73523,876,118461,58705,2401890
2010,4,10.06,24563,482800,439879,145406,88237,109090,49294,98709,52510,114671,0,158440,40528,62172,700,104033,48017,2019049
2010,5,17.53,16210,301895,298335,108766,71382,86966,32024,71963,31200,79649,0,127245,32410,47875,436,83359,35268,1424983
2010,6,23.34,11806,201873,206875,76535,57597,75306,27036,51739,26185,70646,0,124526,28121,41066,383,73179,29741,1102614
2010,7,25.82,10814,177880,196387,70246,52079,69993,27494,45013,27274,68554,0,112857,28956,39954,596,71429,29039,1028565
2010,8,27.04,10476,172448,188842,68833,46736,70402,25214,42026,26496,65293,0,106078,27650,36276,603,62908,27974,978255
2010,9,22.38,10093,160852,191773,69354,44039,75023,25361,40138,27640,62398,0,103382,26040,36839,446,67190,29743,970311
2010,10,15.11,14333,236633,276305,87483,52247,89720,34562,43420,41214,77985,0,123986,31153,46965,426,85850,40710,1282992
2010,11,7.35,22781,442243,440497,129757,71019,110448,50413,61386,64219,113800,0,177906,41918,65956,692,111267,54391,1958693
2010,12,0.05,34518,694291,657112,190437,100625,141948,80998,93971,91736,160555,0,209526,51305,83796,1258,144743,75637,2812456
2011,1,-5.74,47123,928709,800313,233451,128711,173107,96670,130441,120524,200683,0,262746,60532,105055,1662,158359,93067,3541153
2011,2,2.18,40016,747800,594776,203072,113037,134139,67104,131182,75846,144076,0,212934,47901,84985,1275,128980,65330,2792453
2011,3,4.56,32380,611849,550237,170647,111930,142388,69596,119459,78309,145929,0,216982,48216,81649,1165,124944,68568,2574248
2011,4,11.42,24195,434383,415812,140579,89981,112429,46528,99321,53823,103964,0,204320,38939,63624,776,103267,50443,1982384
2011,5,18,17126,264979,287682,105088,70097,97074,33266,70045,38709,83354,0,175303,32707,52395,542,89520,42384,1460271
2011,6,22.26,12653,198037,231298,83313,59792,85819,27185,55822,30867,74142,0,165774,29433,44763,545,74595,37160,1211198
2011,7,25.09,12582,190898,224406,76184,55507,82062,26887,50864,32849,70169,0,160398,29894,43339,721,71093,38072,1165925
2011,8,25.84,11899,178319,216578,73544,51097,78442,25430,46054,31201,64615,0,147170,27700,42023,747,66087,35691,1096597
2011,9,22.12,11599,157947,207083,72299,49507,78801,26714,45890,31020,66426,0,161366,25385,43254,592,69234,37168,1084285
2011,10,14.73,16280,227152,303154,90064,57525,97105,36243,49613,46031,81153,0,191261,33099,55777,546,91360,48369,1424732
2011,11,11.36,21521,347194,402780,109145,71783,109101,44215,64437,56485,99190,0,219141,37562,62670,731,108805,53543,1808303
2011,12,0.29,35317,639756,645520,171694,95814,144802,78625,91544,98455,164255,0,265100,54181,88899,1451,152185,81516,2809114
2012,1,-1.55,44479,802350,763669,214146,120835,159092,85824,130060,116389,178441,0,270006,57098,101691,1573,160556,87616,3293825
2012,2,-0.93,42131,787565,711495,198234,126191,157314,80087,135280,107664,173008,0,267942,58251,96421,1594,163715,83915,3190807
2012,3,5.86,34754,598720,588434,173944,116782,150698,68239,122833,86729,144653,0,246244,55178,83988,1291,145171,71216,2688874
2012,4,12.93,25534,416297,408697,138957,93434,123783,44227,98983,57980,103329,0,196637,43905,66345,786,120475,53799,1993168
2012,5,19.66,16583,249110,264664,96550,71683,106270,32357,66907,38090,83927,0,190155,35251,50390,577,95838,44377,1442729
2012,6,23.58,13195,179056,224059,78591,61657,95838,26955,53681,34628,74280,0,183417,31965,44432,557,88155,40623,1231089
2012,7,25.77,12397,172678,226875,79402,58880,92196,28007,48485,34140,75623,0,214146,29267,45824,660,86051,41390,1246021
2012,8,27.26,12265,166074,215757,76094,53828,86203,25113,47203,32675,68263,0,218024,30265,44072,770,80702,38551,1195859
2012,9,21.21,11994,159054,228051,77963,51462,86297,28614,47008,31699,71611,0,225526,30823,45737,595,81941,40576,1218951
2012,10,15.59,16150,206878,307689,92137,59874,99313,37894,46836,44028,83074,0,275652,34516,57270,618,100769,51051,1513749
2012,11,6.44,26492,435852,503008,136687,78652,128664,56994,66297,77035,122244,0,298701,48539,75003,1092,135440,71078,2261778
2012,12,-2.62,42544,758147,772003,207142,111895,165657,84965,102559,121801,181273,0,352116,63414,101800,1565,182497,96861,3346239
2013,1,-2.16,50361,859992,821469,241088,138454,179607,88714,141067,123727,191681,10229,351014,69140,109876,1720,196450,97327,3671916
2013,2,0.15,43518,726761,652787,198397,124869,146931,73850,135172,94242,152480,8529,328057,59317,93427,1505,171482,78476,3089800
2013,3,6.43,33887,561111,556162,173043,113786,141697,63818,117930,76464,129635,7668,305735,55683,82345,1168,157717,72861,2650710
2013,4,10.66,27462,432767,450269,142623,95553,124850,49980,91649,66768,114522,7188,279040,52408,74975,922,146806,61158,2218940
2013,5,18.52,19899,264656,320129,106330,81921,107403,34267,78203,44186,88226,5247,216418,40533,55509,643,128468,48629,1640667
2013,6,23.94,14350,177247,240791,79312,65951,96017,28957,57502,33852,72521,4650,202079,39164,47296,620,109835,41878,1312022
2013,7,26.11,13333,169428,238256,74557,60638,90973,28656,49793,33298,73739,4217,219523,39200,48620,718,106313,41209,1292471
2013,8,27.91,12589,169099,240402,73926,55092,84565,26229,46580,32716,64914,3997,194442,35816,43839,763,99485,38371,1222825
2013,9,22.18,11910,142034,221272,78128,51468,83667,27119,44953,28683,63963,3962,200552,34855,45705,580,96042,37521,1172414
2013,10,16.34,15614,186230,312646,88547,64087,101158,36144,45505,41176,81580,4868,238703,43158,56255,641,114582,49207,1480101
2013,11,7.15,25678,407977,491759,129152,82706,126430,55877,63840,72092,117201,6508,273355,55149,77100,1106,152085,66814,2204829
2013,12,1.14,39272,633820,671109,184755,116825,156398,76752,98281,103335,167574,7822,292135,70536,99163,1703,180745,85325,2985550
2014,1,0.54,44996,718120,710319,203670,127549,165174,82031,127642,98534,175047,8080,299474,71917,102352,1906,187985,88449,3213245
2014,2,2.85,40500,644586,591477,182133,122613,142387,66673,127579,82128,150507,7431,268717,60821,94134,1622,168628,74050,2825986
2014,3,8.42,33860,485186,508507,153461,114280,140772,63957,113343,70584,143724,6984,262840,59086,84901,1494,159423,69638,2472040
2014,4,14.3,24335,313919,366954,122907,92739,116741,42747,93453,42695,101976,5184,210629,45548,65263,1018,115571,51272,1812951
2014,5,19.16,17757,217833,285990,97893,74325,98957,35564,66841,35423,84307,4557,204356,41372,55999,772,106000,46136,1474082
2014,6,22.85,14221,163909,237910,85215,63435,87479,28092,54532,30518,71273,3983,199817,36221,50207,716,97467,40045,1265040
2014,7,25.9,13001,163172,235321,89126,63052,89087,31189,50003,32070,74293,4317,207207,37433,50672,825,95424,42862,1279054
2014,8,24.86,12933,157410,220446,77491,54373,79823,27344,46301,28523,67698,4107,185877,35129,45419,831,86601,39834,1170140
2014,9,22.19,12557,149326,222473,74539,55458,83396,27069,44800,27547,70148,4071,171837,32453,47056,719,86693,39602,1149744
2014,10,15.98,15944,192532,289728,89021,66660,100843,34003,49402,37078,84946,4605,186261,38877,55290,772,104911,49432,1400305
2014,11,9.61,24917,368095,430224,118827,82754,117928,53959,65232,60714,109302,6374,183047,48496,73484,1174,126568,63093,1934188
2014,12,-1.34,41416,687116,697933,185645,116999,160790,87571,94334,104233,179852,9426,227257,66612,105850,2315,169644,93130,3030123
2015,1,0.34,48485,721215,721980,201372,134058,162966,79966,138481,98911,177213,8541,205417,68181,109370,2197,150979,89911,3119243
2015,2,2.05,41892,639880,586178,164543,120545,138424,70854,127917,79977,150835,8141,184462,59058,94828,2077,134360,77687,2681658
2015,3,7.2,35500,531629,549030,158984,119670,139643,64414,114680,75226,147748,10176,180948,58381,88585,1731,128831,76748,2481924
2015,4,13.57,27312,340889,389401,122507,96836,120329,43810,98482,46551,107319,6087,148666,43144,66837,1187,109006,58787,1827150
2015,5,19.28,18840,214447,278538,92939,73790,95019,33410,71953,31922,79994,4892,133048,36737,54212,843,93997,47181,1361762
2015,6,23.05,14159,171132,243880,79013,63844,87924,30980,51212,27763,74100,4720,130635,34249,48700,727,80570,41724,1185332
2015,7,25.37,13778,163786,236954,72786,61692,82536,31403,48644,28445,76227,4633,128698,35022,47117,922,78160,42897,1153700
2015,8,26.23,13349,155230,224262,73036,55011,74623,26483,45738,26311,65731,4376,120611,32019,43029,995,74956,39829,1075589
2015,9,22.1,12782,144961,223236,72631,55342,75950,28133,43159,25715,69307,4580,117583,32095,45892,865,73393,39337,1064961
2015,10,16.02,16248,184939,285803,82922,65250,91282,33841,45214,33892,84487,5037,119835,37827,57694,939,86266,47686,1279162
2015,11,9.99,24549,344623,418486,111740,77320,110962,48731,58412,55353,108315,6679,147685,48018,70198,1345,107863,59665,1799944
2015,12,3.06,37101,553480,605808,160979,104437,139724,74858,84385,86900,155706,8865,171496,62616,93745,2132,141963,81420,2565615
2016,1,-1.64,48582,716064,747043,195603,132090,164902,87343,120535,104506,192790,9402,193190,72772,109353,2865,166346,94062,3157448
2016,2,1.52,48745,683475,629848,186883,130490,149166,74309,136807,90673,172558,8629,179341,68722,101396,2549,149439,86666,2899696
2016,3,7.72,38001,508512,570929,169267,128914,140098,64217,124375,76252,148808,7951,165195,58372,90794,1997,134554,78297,2506533
2016,4,14.5,26277,308879,371281,121332,95715,112268,38927,96045,41355,103696,7904,147572,45280,64874,1324,103934,55983,1742646
2016,5,19.63,18331,210357,282460,95083,75418,93361,35547,64021,32652,85581,5643,113542,41672,55761,1065,89650,48928,1349072
2016,6,23.29,15267,174731,247825,79286,65984,83853,30622,52172,28160,75733,4920,106897,36874,45840,1010,81433,45040,1175647
2016,7,26.19,14908,177904,236697,76584,61463,83736,30846,47725,30005,73754,4888,104535,34677,45288,1154,78974,44090,1147228
2016,8,27.9,14137,163438,232126,73622,55027,78590,26752,42370,27323,66741,4551,91153,33710,42794,1154,74139,42507,1070134
2016,9,22.89,14018,141428,220105,71678,52648,78522,28054,42385,26462,70137,4291,105190,33460,42947,927,70045,41631,1043928
2016,10,16.56,17486,186829,290152,86933,64513,92082,36165,45170,35156,82216,5138,133243,39607,54238,1065,87478,49964,1307435
2016,11,7.85,29606,391774,478714,121168,84840,122024,60927,62818,67947,122259,7278,164814,55793,78644,1646,119414,70072,2039738
2016,12,2.6,43849,587147,662573,171253,116123,149385,81486,100613,93727,166731,12113,203597,67454,98495,2462,147208,85099,2789315
2017,1,-0.35,52606,694128,738070,193847,135232,169447,88857,127827,103290,188340,9370,219769,78042,108527,3031,163457,94853,3168693
2017,2,1.21,51137,688208,679661,197958,139176,159762,78192,141192,95251,176003,9335,221527,71157,103108,2755,159603,92183,3066208
2017,3,6.96,42353,512225,569022,167903,124427,148439,71957,119776,78249,156492,9311,209401,62931,91668,2414,140338,82669,2589575
2017,4,14.4,30265,328358,395028,121927,99271,115383,44729,102597,46601,108379,6288,203084,47556,67734,1458,111642,60622,1890922
2017,5,19.6,20219,203288,286693,94581,75844,101799,33398,66106,32514,82001,5493,143352,39985,52695,1053,93900,48907,1381828
2017,6,23,16744,172540,256973,77989,62493,87699,31259,51306,30593,79125,5344,110983,36738,49185,1004,82398,46976,1199349
2017,7,26.98,15776,181807,240135,73686,59081,82938,29064,46573,29559,76376,5138,101381,37037,48074,1190,80937,45278,1154030
2017,8,26.19,15682,161980,246109,73113,53477,82355,27118,41894,28185,72262,4852,98566,34129,46306,1185,76668,44115,1107996
2017,9,22.05,15611,153808,248170,73298,56498,84362,27923,44261,28173,75554,6029,139870,35142,47050,896,77641,46330,1160616
2017,10,16.57,20034,187466,285688,78338,56810,91096,33802,39268,34967,82870,5202,164677,38579,55746,1137,82283,48903,1306866
2017,11,6.79,31738,417030,523656,126656,84543,126723,64692,64221,70919,125300,8002,210905,59640,83215,1918,135842,73192,2208192
2017,12,-0.55,51720,731282,791139,205978,123307,167017,93418,111962,110379,204669,10635,289048,86119,108504,3075,174986,100886,3364124
2018,1,-2.52,64248,810317,859780,230689,157687,192264,99162,149169,120022,215573,11610,307958,89544,125735,3604,197928,113620,3748910
2018,2,-0.23,59603,777191,734548,217026,147553,167149,85736,159602,102075,186204,10682,279432,81484,113530,3237,183718,103041,3411811
2018,3,8.68,45518,522175,574296,173797,132026,153674,64500,130049,76744,157745,9122,241483,70542,89411,2231,142617,82881,2668811
2018,4,13.68,31685,335587,406962,124334,103930,122106,46220,98618,51805,108188,6886,219102,56414,69458,1430,117614,64482,1964821
2018,5,18.43,23395,233084,323762,102646,82058,101569,36281,67216,37547,93931,6059,216410,49887,58870,1152,96398,54697,1584962
2018,6,22.98,18138,183080,276297,87736,69725,88786,29809,53619,32943,77279,5913,199013,46380,52883,1076,86740,48469,1357886
2018,7,27.71,17658,187574,254270,80109,64856,88127,28832,43479,33409,77269,5091,204025,46511,52666,1234,84495,47267,1316872
2018,8,28.56,16514,159710,244585,77618,58538,85282,27299,42646,29866,71037,5289,197909,45527,50040,1313,77554,46384,1237111
2018,9,21.5,16019,152052,234572,72672,56243,83654,27767,42665,29892,72533,4558,200074,50447,48697,1065,75077,45104,1213091
2018,10,13.76,24370,228383,354863,83880,72720,108813,40971,44591,46461,94793,6104,206623,55795,67000,1315,112299,62025,1611006
2018,11,8.71,36408,389195,505850,134301,94004,136341,58508,69924,72355,125270,8069,238980,70025,84114,1807,147295,80902,2253348
2018,12,0.87,54089,643974,742185,189339,120767,172244,88935,102805,113070,182018,9973,289470,80130,111254,3113,182274,103621,3189261
2019,1,0.35,64031,754822,816518,224628,151007,188792,94441,144808,121150,210982,10604,266679,91532,124247,3586,198190,119471,3585488
2019,2,2.33,57335,662117,674005,193459,134834,156945,78279,139938,94051,167223,9477,229291,77767,105399,3048,169249,97249,3049666
2019,3,7.97,44251,479716,566102,169844,124158,147318,67716,123066,81762,144388,9058,241544,68924,91449,2589,153710,88160,2603755
2019,4,12.58,37240,371517,449495,136980,105551,129122,56687,96775,59249,121169,12855,235340,61576,78412,1742,144330,75629,2173669
2019,5,19.54,25458,227515,312516,100655,87309,112190,35978,74737,38260,90821,9750,182645,52249,62286,1275,127917,60017,1601578
2019,6,22.26,19393,172980,251155,79230,67558,92645,30620,53119,32260,79148,8332,182666,47072,52135,1143,103216,51350,1324022
2019,7,25.57,18474,172649,253612,73632,65362,91122,29962,44880,32747,78992,6353,159799,45014,52348,1347,91320,52078,1269691
2019,8,27.17,18141,160321,245814,70891,59523,87687,27158,44366,31262,73847,6280,130443,45830,48518,1509,83579,47703,1182872
2019,9,22.7,17433,155577,230876,73175,56694,86697,27524,40990,29972,73547,5297,138739,44120,49664,1262,79701,48827,1160095
2019,10,16.82,22461,185075,303799,80336,67652,102971,35496,46742,39586,87861,6261,163784,46841,60000,1270,97088,58294,1405517
2019,11,8.88,35295,364952,479011,122112,85643,129823,56887,63065,67135,117687,9411,189757,64823,80472,1923,131265,79029,2078290
2019,12,2.74,53828,588558,696142,179571,116918,170617,84351,99429,107218,182975,10629,224699,81864,103501,3153,171348,104658,2979459
2020,1,2.8,60387,667452,716886,188900,140280,177749,85780,138172,110897,190840,10640,236405,94564,115432,3448,182013,109718,3229563
2020,2,3.7,55573,615352,646635,177038,142026,164179,77148,139591,97843,167471,10263,208087,86743,102769,3039,173110,100459,2967326
2020,3,8.5,45021,465250,548419,153196,122379,148088,68148,118678,75545,149046,9913,196930,82662,94005,2077,146812,91568,2517737
2020,4,11.6,35828,339407,422650,121419,99483,127807,54697,93789,52499,115783,7749,160901,69487,77266,2403,122475,75045,1978688
2020,5,18.3,25504,226520,313666,93141,90207,94592,33476,71655,34019,84634,6909,98104,52219,52477,1272,93167,57852,1429414
2020,6,23.7,19134,170122,256888,74967,71466,82778,30024,47906,32165,73869,6423,91351,44249,45071,1200,80104,51661,1179378
2020,7,23.6,18346,160511,252344,67443,65757,88304,30522,42475,30395,77497,6479,99297,43281,46458,1281,73143,53692,1157225
2020,8,27,19076,163032,255222,70646,60523,84646,27561,45058,31906,70508,5599,94251,49039,43885,1506,70181,49460,1142099
2020,9,21.4,18822,147556,243817,72542,65264,88652,28120,43042,30307,70849,6069,101433,54253,48190,1179,86971,53589,1160655
2020,10,14.9,25946,213556,339823,78654,75071,103757,39428,44555,42001,85283,10268,119332,60416,61328,1414,109095,61315,1471242
2020,11,9,35632,375289,497221,115663,101609,135432,58120,67054,69624,122943,12087,147792,68793,82360,2161,142556,82499,2116835
2020,12,0.8,57301,636178,742863,179536,149527,183273,94589,101139,110897,200163,11875,221037,97863,113880,4220,198939,114597,3217877
